LATEST MODEL CALL SNAPSHOT
model: Qwen3.8-27B-FP8
base_url: http://127.0.0.1:1234/v1
analysis_step: 25
action: 43
request_index_within_turn: 1
message_count: 13
tool_choice: auto

[AVAILABLE TOOLS]
- python: Run one ephemeral Python snippet against preloaded ASCII game state. Available globals: `current_frame`, `previous_frame`, `history`, `transitions`, `last_transition`, `valid_actions`, `last_action_result`, `ledger`, `ledger_validation`, `execution_ledger`, `world_model_ledger`, `verification_ledger`, `coverage_ledger`, and `action(actions)` for executing one or more real environment actions. `current_frame` and each `history[*].frame` expose only `.ascii`, `.segmentation`, `.step`, and `.level`; `history[-1].frame` is the current post-action frame, not the previous frame. For before/after diffs, compare `previous_frame` to `current_frame` or use `last_transition.before_frame` and `.after_frame`. For canonical ACTION6, pass `row` and `col` integer fields; legacy x/y fields are rejected. The raw numeric grid is not available. Use `.segmentation` as the primary view; use `.ascii` only to read a small, specific region. Use `print(...)` for compact output or assign final data to `result`.

[MODEL INPUT]
[SYSTEM]
You are a coding agent solving a grid-based puzzle game.
Game overview:
- You are solving a multi-level grid puzzle game. 
- You are called repeatedly over the course of a run. Treat each turn as one observe-plan-act cycle: re-understand the current state from the newest frame, update your working world model in Python, choose the next best action or short sequence against the goal as currently understood, execute it, and expect to re-evaluate on the next turn from the updated state.
- Your job is to solve the entire game by clearing every level, not just the current screen.
- An action's learned meaning normally persists across levels of the same game. Availability, target, and preconditions may still vary by level; create a level-specific semantic override only after contradictory evidence.
- Across different games, learned action meanings reset to hypotheses; only the standardized interface contract transfers.
- Optimize for as few in-game actions as possible while still being reliable.
- In this environment, boards are presented as 64 x 64 color grids rendered with ARC color symbols.
- Color legend: W=white, w=light gray, g=gray, G=dark gray, c=charcoal, B=black, M=magenta, P=pink, R=red, b=blue, S=sky blue, Y=yellow, O=orange, r=dark red, N=light green, p=purple.
Runtime variables inside every `python` tool call:
- `current_frame` is a lightweight frame view for the latest environment state.
- `current_frame` exposes only `.ascii`, `.step`, `.level`, `.shape`, and `.segmentation`.
- `current_frame.ascii` is a single newline-delimited string containing the latest board rendered with the letter-coded ARC color symbols.
- `current_frame.segmentation` parses the board into objects. It returns `{'nodes': [...], 'adjacency_list': [...]}`.
- Each node in `segmentation['nodes']` is one 4-connected same-color object with: `id` (index, ordered top-most-left-most), `color` (ARC color character), `hash` (a signature of the object's color and shape that ignores its position -- equal hashes mean the same object regardless of where it is, so use it to track an object across frames or to spot multiple identical objects in one frame), `pixels` (cell count), `boundary` (clockwise outer-perimeter corner points as `[row, col]`), and `children` (ids of objects fully enclosed by this one).
- `segmentation['adjacency_list']` is a list of `[i, j]` node-id pairs whose objects share an edge.
- `current_frame.step` is the current environment step count.
- `current_frame.level` is the current level number.
- `current_frame.shape` is a `(rows, cols)` tuple.
- The raw numeric grid is intentionally not exposed. Use `current_frame.segmentation` as your primary view of the board -- objects, colors, shapes, containment, adjacency, and cross-frame object hashes. Use `current_frame.ascii` only to read a small, specific region; do not scan the whole board with it.
- `history` is a chronological list of action/frame snapshots.
- `history` is a Python list of objects, not a dict.
- Each history entry exposes only `.action` and `.frame`; entries are not subscriptable like `entry['action']`.
- Each `history[i].frame` is the frame after `history[i].action`; each frame exposes only `.ascii`, `.step`, `.level`, `.shape`, and `.segmentation`.
- Important history semantics: when `history` is non-empty, `history[-1].frame` is the same latest/post-action board as `current_frame`. It is not the previous board. To inspect the state before the latest action, use `previous_frame` or `history[-2].frame` when available.
- `previous_frame` is the frame before the most recent real environment action, or `None` if no previous frame is available.
- `last_action` is the most recent real environment action name/display, or `None` before any real action.
- `last_action_frame` is the post-action frame for `last_action`; it matches `current_frame` after a real action.
- `transitions` is a chronological list of actual action transitions, excluding the initial seeded frame. Each transition exposes `.action`, `.before_frame`, `.after_frame`, `.frame` (alias of `.after_frame`), and `.result`.
- `last_transition` is `transitions[-1]` or `None`. Its `.result` mirrors `last_action_result`; older transitions may have an empty `.result`. For before/after diffs, compare `last_transition.before_frame` to `last_transition.after_frame`; do not compare `current_frame` to `history[-1].frame`.
- `last_action_result` is the persisted result dict from the most recent `action(...)` call. It remains available across later Python inspection calls that do not call `action(...)`, and is `{}` before any action result exists. Read transition metadata from fields/keys such as `last_action_result['board_changed']`, `last_action_result['done']`, `last_action_result['level_completed']`, `last_action_result['game_over']`, `last_action_result['run_complete']`, `last_action_result['reward']`, and `last_action_result['valid_actions']`.
- `last_action_in_valid_action` reports whether the most recent action was legal under the valid-action list before it ran.
- `telemetry` contains recent observation hashes, task/observable progress streaks, HUD/gameplay change classification, and changed-cell samples. An observation hash is not proof of complete latent-state identity.
- `telemetry['task_no_progress_streak']` counts actions without engine task progress; `observable_no_change_streak` counts unchanged observations; `repeated_action_streak` counts identical displayed actions.
- `level_transition` contains the last two frames and last five actions around the most recent level transition when one occurred.
- `ledger` is the compact authoritative Inform view. `execution_ledger`, `world_model_ledger`, `verification_ledger`, and `coverage_ledger` expose its structured components; free prose is non-authoritative.
- `ledger_validation` reports semantic-schema invariant failures without silently coercing or deleting evidence.
- `hypotheses` contains structured candidates and predictions. Facts are separate from hypotheses, and unexecuted requests are never no-op evidence.
- Record reusable claims with `record_hypothesis({...})` (alias `record_expectation`). Use a kind from `object_role`, `action_function`, `affordance`, `precondition`, or `completion_condition`; aliases are normalized but these canonical kinds produce the clearest world model.
- Observable prediction fields include `state_changed`, `gameplay_changed`, `hud_changed`, `progress_changed`, `level_completed`, `run_complete`, and `object_changes.moved|added|removed|resized`. Unknown fields remain explicitly non-evaluable instead of becoming evidence.
- Prefer an action object carrying its immediate hypothesis and possibly absent target, for example `{'action':'ACTION3','hypothesis':{'claim':'moves the bound object left','expected_gameplay_change':True,'confidence':0.4},'target_object':{'description':'candidate token','presence':'possible'}}`. Legacy strings remain accepted and receive only an implicit low-confidence intent.
- A descriptive effect without an observable predicate is preserved but verifies as inconclusive, not supported or refuted.
- `valid_actions` is the current list of advertised canonical action IDs. Not advertised, rejected, unexecuted, and executed-with-no-observable-change are distinct outcomes.
- Call `action(actions)` to execute one or more real environment actions from Python.
- Pass `action(actions)` a list like `['ACTION3']` or `[{'action': 'ACTION6', 'row': 4, 'col': 7}]`.
- One action usually returns one frame, but a single action can result in a short multi-frame animation.
- After `action(actions)` returns, `current_frame`, `previous_frame`, `history`, `transitions`, `valid_actions`, and `last_action_result` are refreshed.
Multimodal context:
- User turns include an attached image of the current ARC grid.
- The image and `current_frame.ascii` are two representations of the same current frame.
- You can use images and other tools to understand the game state and guide your strategy, each may be useful depending on the current uncertainty.
Visual-game guidance:
- Treat each board as a scene with objects, blockers, targets, adjacency, containment, motion, and symmetry.
- Game entities are usually be rendered as connected multi-tile shapes such as 2×2, 2×3, 3×3, or longer patterned structures. Sometime they might also be 1x1 tokens.- Some games are logic or layout puzzles with no explicit player avatar or controllable sprite on the board. Do not assume a player exists; the relevant state may be an object, region, cursor, selector, or whole-board configuration.
- Background colors are often white or gray/black-ish large regions, but not always. Verify background hypotheses by area, stability, and object boundaries rather than assuming them.
- In many games, a long horizontal or vertical line near an edge is a timer or remaining-steps bar. It often shrinks or changes each step. If you identify such a bar, do not get distracted by it or treat it as core gameplay state unless there is concrete evidence that it interacts with the puzzle mechanics.
A common failure mode is to mistake a segmented edge bar for clickable puzzle pieces. If a repeated strip of small blocks sits flush against the top, bottom, left, or right border and actions only change that strip while the interior board stays the same, classify it as HUD/timer state, not as an object to click through segment by segment. DON'T DO THIS!
- Use coordinates only to target actions or describe local evidence. Do not frame the objective as reaching a specific absolute row or column.
- Re-ground on the newest frame after any score increase or abrupt scene change; the returned board may already be the next level.
- `WIN` means the whole game is solved. Mid-run level completion is more likely to appear as a score increase while play continues.
- Strategies may transfer loosely across levels, but layouts and mechanics can change. Re-check the new board before repeating a plan.
- `ACTION1`...`ACTION7` are canonical engine IDs, not semantic facts. Direction/interaction labels are interface priors only.
- For coordinate action `ACTION6`, pass `row` and `col` integer arguments. `row` is vertical position, `col` is horizontal position.
Python tool guidance:
- Use `current_frame.segmentation` as your primary view of the board -- objects, colors, containment, adjacency, and cross-frame object hashes.
- Use `current_frame.ascii` only to read a small, specific region of the board when `segmentation` is not enough; never use it to scan or summarize the whole board.
- Every `python` tool call starts fresh. Re-import modules or re-define any custom utility logic you need.
- The only importable standard-library modules are: bisect, collections, copy, fractions, functools, heapq, itertools, json, math, operator, random, re, statistics, string.
- The only tool is `python`; call it with one ephemeral `code` string.
- Always inspect `current_frame`, `history`, and `valid_actions` from Python instead of reasoning from the raw board by eye.
- For the most recent change, compare `previous_frame` to `current_frame`, or `last_transition.before_frame` to `last_transition.after_frame`. `history[-1].frame` is the current frame, so comparing it to `current_frame` only compares the board to itself.
- Maintain candidate object roles, per-game action functions, object-action affordances, preconditions, completion-condition hypotheses, and explicit unknown coverage. The only fixed objective is to complete the whole game (`WIN`).
- IMPORTANT: Especially when the game is about making an agent navigate to a target, it is usually safer to write an explicit search algorithm such as BFS. More generally, when the objective is understood but the best action order is unclear, pathfinding, flood fill, BFS, DFS, beam search, shortest-path search, limited action-sequence search, or custom heuristics are all valid.
- Optimize for the shortest reliable sequence that advances the current goal as described by your world model. If confidence is low, program a discriminating probe and revise the world model from the result.
- Once the important state variables and action effects are sufficiently understood, stop probing and search in the inferred state space.
- Inspect current and history frames from Python instead of describing frames freehand.
- Never print or echo full board frames. Return only compact derived summaries such as object lists, diffs, coordinates, counts, or tiny local crops.
- Keep tool-output context size minimal and decision-oriented so you can quickly compare before/after state. It's fine to write a lot of python code, just make the output short and interpretable
- A strong default loop is: summarize the board, infer the desired environment change, write a small scorer or search over candidate sequences, execute the best probe or plan with `action(...)`, then inspect again until you understand exactly what changed.
- For object tracking, match objects by color, overlap, bounding box proximity, area change, and edge contact rather than by exact coordinates alone. Treat identity as confidence-bearing inference, not fact.
- Movement vectors use screen coordinates (`delta_row`, `delta_col`). Do not call coherent multi-object motion camera movement until repeated evidence distinguishes it from reset, board rotation, or a group mechanic.
- For frame diffs, summarize changed cells, color transitions, appearing/disappearing components, movement candidates, and small local row slices around the changed region.
- After every action, verify whether gameplay objects changed or whether only a timer, progress bar, or remaining-step bar moved. Do not treat HUD-only changes as evidence that the move worked.
- Streaks are evidence, not automatic stop rules. Repeating one action is allowed when the world model predicts a useful intermediate state or required displacement.
- Learn action patterns, not isolated moves: record short tested sequences such as `X -> U` and their precondition, observed effect, cost, and outcome. Do not call a sequence a combination until each step's effect and ordering are supported by transitions.
- Treat plans as causal prerequisites: define target outcome `Y`, identify prerequisite state `X`, test `X`, then test `Y`; preserve ordering when `Y` fails without `X` and succeeds after `X`. A repeated or zero-progress prefix may still be necessary preparation.
- When a tested pattern does not improve the goal, mark that pattern/state-context as weak or rejected and avoid retrying the same pattern unchanged. Retry only with changed state, changed parameters, or a new causal hypothesis.
- Use `print(...)` for compact summaries, or assign a final compact object to `result`.
- Call `action(...)` inside Python rather than returning action text in the chat.
- `action(...)` accepts an ordered list of one or more actions. Once your code has selected a reliable sequence, it is often useful to batch it.
- You can also call `action(...)` multiple times in one Python snippet, including inside loops. Each call updates the preloaded variables before execution continues.
- If an action result reports `game_over`, `run_complete`, `level_completed`, or `done`, stop acting immediately and re-ground on the next turn.
Tool session rules:
- You have exactly one tool: `python`.
- When calling `python`, emit exactly the tool-call format shown elsewhere in this prompt for this model. Use only that format; do not add markdown fences, prose wrappers, or alternate tool-call syntax. Do not quote or place tool-call markup inside explanatory text; when you decide to call the tool, emit the tool call itself.
- The `python` tool code is not saved between calls, so rewrite any custom utility logic you still need.
- You can call the `python` tool as many times as you want per step. Investigate until your code has a clear probe or plan.
- Do not ration tool calls when the state is unclear. Spend extra tool calls to confirm what changed between frames and whether the last action affected gameplay state or only HUD elements such as countdown bars.
- After `action(...)` returns, the structured runtime state is refreshed before the next Python statement and before the next tool call. Inspection-only Python calls do not clear `last_action_result`.
- Each `python` tool call has a hard time limit of 30 seconds.
- Tool responses are capped to about 2048 tokens. If a response is cut off, the tool result will tell you that.
- Keep code snippets short and purpose-built rather than dumping large frameworks into one call.

[USER]
The code executed 3 actions in the previous sequence.
Executed actions: ACTION4, ACTION1, ACTION5.
You are still on the same level.
Current state: step 41, level 1.
Valid actions right now: ACTION1, ACTION2, ACTION3, ACTION4, ACTION5, ACTION6.
Only tool: `python`. It receives `current_frame`, `previous_frame`, `history`, `transitions`, `last_transition`, `valid_actions`, `last_action_result`, `runtime_memory`, `telemetry`, `ledger`, `ledger_validation`, `execution_ledger`, `world_model_ledger`, `verification_ledger`, `coverage_ledger`, `memory`, `dynamics`, `continuity`, `hypotheses`, `level_transition`, `last_action_in_valid_action`, `record_hypothesis(...)`, and `action(actions)`.
Only letter-coded board views and lightweight metadata are exposed; raw numeric color IDs are not available.
Keep tool output compact: use `current_frame.segmentation` as the primary view, and `current_frame.ascii` only for a small specific region; never print full boards.
For the most recent change, compare `previous_frame` to `current_frame`, or `last_transition.before_frame` to `last_transition.after_frame`; `history[-1].frame` is the current frame, not the previous one.
Use Python to inspect the evidence, refine that world model from the newest history, and search or score candidate actions or short sequences against the current goal as you currently understand it.
Use the structured ledger for authoritative facts and evidence: action meanings are learned per game by default, while availability, target, and preconditions can vary by level or state. Interface hints are priors, not facts.
Treat `last_action_result`, `execution_ledger`, and `runtime_memory.telemetry` as authoritative transition evidence. Distinguish not-advertised, adapter/parameter/engine failure, executed no-observable-change, observable change, task progress, and terminal failure.
Model combinations as causal action sequences, not labels: write target Y, prerequisite state X, action order, expected transition after each step, and evidence. A step can be useful preparation even when it gives no immediate reward. Reuse tested sequences only in matching state context; reject unchanged retries that previously failed.
For each action object, include the immediate test hypothesis and target-object presence claim when known; the target may be possible, unknown, or absent in this level. Keep reusable mechanics in record_hypothesis(...).
Free-text working notes below are optional and non-authoritative; revise them when useful, while recording testable claims and observable predictions in `record_hypothesis(...)`.
You may call `action(actions)` more than once in one Python snippet if your search or control loop needs it, but stop immediately if a result reports `game_over`, `run_complete`, `level_completed`, or `done`.
end of optional working notes. 
Focus on what changed most recently in `history`, update the target environment change if needed, and separate gameplay-object changes from HUD-only changes.
When ready, call `action(actions)` from inside the `python` tool with the best valid action or ordered batch selected by your code. If your code has found a reliable short sequence, prefer batching it in one call.
You may call `action(actions)` more than once in one Python snippet if your search or control loop needs it.
If you include assistant text before a tool call, keep it short and use it to update the world model. Helpful optional prefixes are `World model:`, `Goal model:`, `Action model:`, `Recent findings:`, `Open questions:`, `Plan:`, and `Cross-level notes:`.
When calling `python`, emit exactly the tool-call format shown elsewhere in this prompt for this model. Use only that format; do not add markdown fences, prose wrappers, or alternate tool-call syntax. Do not quote or place tool-call markup inside explanatory text; when you decide to call the tool, emit the tool call itself.
If you use ACTION6, include integer row and col arguments.
Structured continuity recall (fact/evidence IDs only; inspect the Ledger for details):
{"active_belief_ids":["H31","H32","H33","H34","H35","H36","H37","H38","H39","H40","H41","H42"],"contested_belief_ids":[],"current_plan":{},"level":1,"mechanic_ids":[],"memory":"ledger-backed","objective":"complete_level","recent_evidence_ids":["T33","T34","T35","T36","T37","T38","T39","T40"],"unknown_ids":[]}
{"active_belief_ids":["H31","H32","H33","H34","H35","H36","H37","H38","H39","H40","H41","H42"],"avoid_sequence_ids":["S32","S33","S34","S35","S36","S37","S4","S5","S6","S7","S8","S9"],"boundary":"context_rollover","contested_belief_ids":[],"current_state_ref":"T40","game_id":"cd82-fb555c5d","level":1,"objective":"complete_game","plan":{},"recent_evidence_ids":["T29","T30","T31","T32","T33","T34","T35","T36","T37","T38","T39","T40"],"scene_graph_ref":null,"unknown_ids":[]}
End structured continuity recall.
Current grid image:

[ASSISTANT]
The gray object **moves with the block** — it's a 1px shadow/border on the block (30px at cardinal positions, 43px at diagonals), not a separate marker. The center square is static and unreachable. Before spending more moves, let me check the ledger/memory/dynamics objects for any goal or completion-condition hints I may have missed.
[REASONING]
Now this is a big discovery! The gray object (node 11) is NOT moving with the block! Let me look:
- Step 0-2: block at (28,31) [P0], gray at r24-32 c25-38 [near P0]
- Step 3: block at (29,22) [P1], gray at r21-37 c14-30 [near P1]
- Step 4-5: block at (28,31) [P0], gray at r24-32 c25-38 [near P0]
- Step 11: block at (29,22) [P1], gray at r21-37 c14-30 [near P1]
- Step 12: block at (38,21) [P2], gray at r32-45 c17-25 [near P2]
- Step 13-14: block at (48,22) [P3], gray at r40-56 c14-30 [near P3]
- Step 15: block at (38,21) [P2], gray at r32-45 c17-25 [near P2]
- Step 16: block at (29,22) [P1], gray at r21-37 c14-30 [near P1]
- Step 17: block at (28,31) [P0], gray at r24-32 c25-38 [near P0]
- Step 18: block at (29,41) [P_E], gray at r21-37 c33-49 [near P_E]
- Step 19: block at (28,31) [P0], gray at r24-32 c25-38 [near P0]
- Step 20: block at (29,22) [P1], gray at r21-37 c14-30 [near P1]
- Step 21-22: block at (38,21) [P2], gray at r32-45 c17-25 [near P2]
- Step 23-24: block at (48,22) [P3], gray at r40-56 c14-30 [near P3]
- Step 25-26: block at (49,31) [P4], gray at r45-53 c25-38 [near P4]
- Step 27: block at (48,41) [P5], gray at r40-56 c33-49 [near P5]
- Step 28-29: block at (38,42) [P6], gray at r32-45 c38-46 [near P6]
- Step 30: block at (29,41) [P_E], gray at r21-37 c33-49 [near P_E]
- Step 31: block at (28,31) [P0], gray at r24-32 c25-38 [near P0]
- Step 32: block at (29,22) [P1], gray at r21-37 c14-30 [near P1]
- Step 33: block at (38,21) [P2], gray at r32-45 c17-25 [near P2]
- Step 34: block at (48,22) [P3], gray at r40-56 c14-30 [near P3]
- Step 35-37: block at (49,31) [P4], gray at r45-53 c25-38 [near P4]
- Step 38: block at (48,41) [P5], gray at r40-56 c33-49 [near P5]
- Step 39-40: block at (38,42) [P6], gray at r32-45 c38-46 [near P6]
So the gray object IS moving with the block! It's a "shadow" or "trail" that follows the block. The gray is a 1px border/shadow around the block, offset in a specific direction.
Wait, let me look more carefully. The gray bbox:
- At P0 (28,31): gray r24-32 c25-38. Block at P0 is r25-31 c26-37 (horizontal 7x12... wait 84px). Hmm, block at P0: let me compute. Actually the block center is (28,31). The gray is r24-32 c25-38, which is 9 rows x 14 cols. The block is 7 rows x 12 cols (84px) centered at (28,31) → r25-31 c25-37. So the gray (r24-32 c25-38) extends 1px above (r24), 1px below (r32), and 1px right (c38) of the block. So the gray is a shadow offset up-right? Or a border on top, bottom, right.
Hmm, actually the gray pixel count is 30 at P0. A full 1px border around a 7x12 block would be (9x14 - 7x12) = 126-84 = 42. But it's 30. So it's a partial border.
Actually, I think the gray is a "shadow" cast by the block, offset in a specific direction (like a drop shadow). The shadow direction might indicate something.
Wait, but this doesn't change the game goal. The gray is just a visual effect (shadow) on the block.
Let me refocus. The block moves around an 8-position loop. There's a static center square. The goal is unknown.
Let me reconsider. I've spent a lot of moves. The bar is decreasing (now ~37). Let me think about what the goal could be.
Actually, wait. Let me reconsider the center square. It's white, 10x10, static, at (38.5, 31.5). And the block is white, rotating. 
Hmm, what if the goal is to make the block "disappear into" the center square, i.e., the block and square should overlap/merge? But the block can't reach the center.
OR — what if I've been wrong about the center square being static? Let me check if the center square ever moved. Let me check node 13 (the 100px white square) across frames.
Actually, let me reconsider the entire premise. Let me look at the center square's position across all frames to confirm it's static.
Also, let me reconsider: maybe the "center square" is actually the GOAL and the block needs to reach it, and the way to reach it is NOT via the loop but via some other mechanic I haven't discovered.
Wait, actually — here's a new idea. What if the block can move in ALL 4 directions, but it's constrained by "walls"? The 8-position loop is the "open" path, and the center is blocked by walls. But maybe if I approach from the right angle, I can break through?
No, that doesn't make sense for a puzzle.
Let me reconsider the HUD once more. Top-left: white square (r3-7) on purple square (r8-12). Top-center: small white square (r3-5, underlined) + purple square (r3-5).
What if the top-left is showing "current state" (white block on purple = block is white) and the top-center is showing "goal state" (white selected, purple = ?)?
Or what if this is a "color swap" game: the block is white, and it needs to become purple. The purple square in the HUD is the "target color". To make the block purple, maybe it needs to pass through a purple region or touch a purple object. But there's no purple on the board (only in HUD).
Hmm, wait. Let me reconsider. Is there purple anywhere on the board besides the HUD? Let me check. In the current frame, purple nodes: node 7 (p, 9px, r3-5 c42-44) and node 9 (p, 50px, r8-12 c3-12). Both are in the HUD (top). So no purple on the board.
OK let me take yet another approach. Let me look at the game's initial frame (step 0) very carefully and compare to now, to understand what's changed and what the "starting configuration" implies.
At step 0: block at P0 (28,31), gray shadow at P0, center square present.
Now (step 40): block at P6 (38,42), center square present.
So the only thing that's changed is the block's position (and the bar). The center square is static.
Let me think about this differently. This is a puzzle game. The block moves around a loop. There's a center square. What's the puzzle?
Idea: Maybe the center square is a "hole" and the block needs to fall into it. The block is on a "ring" around the hole. To make the block fall into the hole, maybe I need to... hmm.
Idea: Maybe the game is about the SHADOW. The gray shadow is offset from the block. Maybe the goal is to get the shadow to overlap the center square? Or to get the block's shadow to point at the center?
Let me look at the shadow offset direction at each position:
- P0 (28,31): block r25-31 c25-37, shadow r24-32 c25-38. Shadow extends: up (r24), down (r32), right (c38). So shadow is offset up+right? Actually it extends up, down, AND right. That's weird for a shadow.
Hmm, let me reconsider. Maybe the gray is not a shadow but a "border" that's part of the block, and it's always on specific sides.
Actually, let me reconsider the pixel counts. At P0, block is 84px (7x12 horizontal). Gray is 30px. At P6, block is 84px (12x7 vertical). Gray is 30px. At diagonal (P1), block is 85px. Gray is 43px.
So the gray pixel count varies: 30 at cardinal positions, 43 at diagonal positions. Interesting.
Let me reconsider. Maybe the gray is a "connection" or "arm" extending from the block toward the center? Let me check the direction.
At P0 (28,31), which is ABOVE the center (38.5,31.5): the gray is r24-32 c25-38. The block is r25-31 c25-37. The gray extends to r24 (up) and r32 (down) and c38 (right). Hmm, the center is BELOW P0. Does the gray extend down (toward center)? r32 is the bottom of the gray, block bottom is r31. So gray extends 1px down (toward center). And 1px up (away from center). And 1px right.
This is too ambiguous. Let me just directly compare the block bbox and gray bbox at each position to see the offset pattern.
Actually, I think I'm overanalyzing the gray. It's probably just a visual shadow/border on the block and not gameplay-relevant.
Let me step WAY back and think about the game from a design perspective.
The game has:
- A block that moves around an 8-position loop (like a ring).
- A static square in the center.
- A HUD with white and purple.
- A decreasing bar.
This strongly resembles a "rotation" or "orbit" puzzle. The block orbits the center square. 
What if the goal is to get the block to a specific position on the loop, and that position is indicated by something? Like, the block needs to be at the position "closest to" the purple marker, or at a specific corner?
Or what if the goal is to make the block and center square "align" in some way?
Actually, let me reconsider the bar. The bar is at the bottom (r63, c0-37). It's decreasing. If it's a "remaining moves" bar, then the game is about reaching the goal in limited moves. If it's a "timer", similar.
Let me count the bar length over time to understand it.
Actually, let me reconsider the whole thing. I've been assuming the block is the player. But what if the CENTER SQUARE is the player, and the block is an "obstacle" or "object" that I need to move out of the way?
No, the center square is static and the block moves with my inputs. So the block is the player.
Let me try a totally different hypothesis: maybe the goal is to complete the loop and return to the STARTING position (P0), and the level completes when I do so. I've been at P0 many times (steps 4,5,8,9,10,17,19,31). But the level didn't complete. So that's not it.
Hmm, unless the level completes when I return to P0 AFTER doing something specific (like visiting all positions, or in a specific pattern).
Let me reconsider. I've visited all 8 positions multiple times. The level hasn't completed. So it's not "visit all positions".
Let me think about the DIRECTION. Maybe the goal is to complete the loop in a specific direction (clockwise or counterclockwise) without interruption.
I did: P0→P1→P2→P3→P4→P5→P6→P_E→P0 (counterclockwise) — this was around steps 20-31. Let me verify: 
- Step 20: P1
- Step 21-22: P2
- Step 23-24: P3
- Step 25-26: P4
- Step 27: P5
- Step 28-29: P6
- Step 30: P_E
- Step 31: P0
So I went P1→P2→P3→P4→P5→P6→P_E→P0. That's 7 moves, completing the loop (ending at P0). But the level didn't complete.
Wait, but did I start at P0? Step 19: P0, step 20: P1. So P0→P1→P2→P3→P4→P5→P6→P_E→P0. That's a full counterclockwise loop. No completion.
Let me try a full CLOCKWISE loop: P0→P_E→P6→P5→P4→P3→P2→P1→P0.
From current P6: P6→P5 (A2, south)→P4 (A3, west)→P3 (A3, west)→P2 (A1, north)→P1 (A1, north)→P0 (A4, east)→P_E (A4, east)→P6... 
Wait, let me get the clockwise directions right.
Clockwise on screen (12→3→6→9→12):
- P0 (top) → P_E (top-right): A4 (east)
- P_E (top-right) → P6 (mid-right): A2 (south)
- P6 (mid-right) → P5 (bottom-right): A2 (south)
- P5 (bottom-right) → P4 (bottom): A3 (west)
- P4 (bottom) → P3 (bottom-left): A3 (west)
- P3 (bottom-left) → P2 (mid-left): A1 (north)
- P2 (mid-left) → P1 (top-left): A1 (north)
- P1 (top-left) → P0 (top): A4 (east)
So from current P6, clockwise: P6→P5 (A2)→P4 (A3)→P3 (A3)→P2 (A1)→P1 (A1)→P0 (A4)→P_E (A4)→P6 (A2).
That's 8 moves to complete a clockwise loop back to P6.
Let me test this hypothesis: complete a full clockwise loop and see if the level completes.
Actually, before spending 8 moves, let me reconsider whether direction is the key. 
Hmm, actually, let me reconsider the problem entirely. Let me look at whether there's a "goal" indicator I'm missing. Let me examine the top-center HUD more carefully. The small white square (r3-5 c36-38) has an underline (node 8, W, 5px, r7 c35-39). The purple square (r3-5 c42-44) is in a charcoal box (node 4, c, r2-6 c41-45).
So the top-center has two "slots": a white slot (selected, underlined) and a purple slot. This looks like a color selector with WHITE currently selected.
And the top-left has a white square on a purple square — this might be showing "the block (white) is currently on a purple background" or "current color = white, target = purple".
What if the game is: the block needs to CHANGE COLOR from white to purple? And the way to change color is to... pass through a purple zone? But there's no purple zone on the board.
OR: what if clicking the purple slot in the top-center SELECTS purple, and then the block needs to do something?
Let me try: click the purple slot (top-center, r4 c43), then see if the block changes or if a goal appears.
Wait, I already tried clicking the purple square top-center (4,43) earlier and it was a no-op. Let me double-check that.
Actually, from my notes: "ACTION6 (click) on the purple square in the top-center (4,43) — already tried, no-op." Yes.
Hmm.
Let me reconsider. Maybe the game is simpler than I think. Let me reconsider the possibility that the goal is to move the block to the center, and that it IS reachable but I need to be at the right position with the right action.
The center is at (38.5, 31.5). The 4 adjacent loop positions are P0 (above), P4 (below), P6 (right), P2 (left).
- From P0, to go to center: A2 (south). Tested: no-op.
- From P4, to go to center: A1 (north). Tested: no-op.
- From P6, to go to center: A3 (west). Tested: no-op.
- From P2, to go to center: A4 (east). Tested? Let me check. I don't think I've tested A4 at P2.
Let me test A4 at P2 (east, toward center). If that's also a no-op, then the center is definitely unreachable.
To get to P2 from current P6: P6→P5 (A2)→P4 (A3)→P3 (A3)→P2 (A1). That's 4 moves. Then A4 at P2.
Alternatively, P6→P_E (A1)→P0 (A3)→P1 (A2)→P2 (A2). Also 4 moves.
Hmm, that's a lot of moves just to test one thing.
Actually, let me reconsider. I'm now fairly convinced the center is unreachable (it's a static obstacle/decoration). The goal must be something else.
Let me think about the SHADOW again. The gray shadow moves with the block. What if the shadow is the KEY? What if the goal is to get the shadow to cover the center square?
At P6 (38,42), the shadow is r32-45 c38-46. The center square is r34-43 c27-36. The shadow (c38-46) is to the RIGHT of the center (c27-36). They don't overlap (shadow starts at c38, center ends at c36).
At P2 (38,21), the shadow is r32-45 c17-25. The center is c27-36. The shadow (c17-25) is to the LEFT of the center. No overlap.
At P0 (28,31), shadow r24-32 c25-38. Center r34-43. Shadow is ABOVE center (r24-32 vs r34-43). No overlap.
At P4 (49,31), shadow r45-53 c25-38. Center r34-43. Shadow is BELOW center. No overlap.
So the shadow never overlaps the center. The shadow is always on the "outer" side of the block (away from center)? Let me check:
- P0 (above center): shadow r24-32, block r25-31. Shadow extends up (r24) and down (r32). Center is below (r34+). So shadow's down edge (r32) is toward center but doesn't reach it.
- P6 (right of center): shadow c38-46, block c39-45. Shadow extends left (c38) and right (c46). Center is left (c27-36). So shadow's left edge (c38) is toward center but doesn't reach it (center ends at c36).
So the shadow is a 1px border around the block, on all sides (or most sides). It's just a visual border. Not gameplay.
OK, I'm going to take a step back and make a decision. I've spent 41 steps. The bar is at ~37. Let me make a strategic decision.
Given the uncertainty, the most likely goals are:
1. Complete the loop in a specific direction (clockwise).
2. Reach a specific position.
3. Some color mechanic.
Let me test hypothesis 1 (clockwise loop) since it's the most concrete untested hypothesis. I'll do a full clockwise loop from P6 and watch for completion.
Actually, wait. Let me reconsider. Let me re-examine: maybe the level completes when the block returns to P0 (start) after a FULL loop in EITHER direction. I did counterclockwise (P0→...→P0) and it didn't complete. So if direction matters, it must be clockwise.
Let me do the clockwise loop. From P6:
P6→P5 (A2)→P4 (A3)→P3 (A3)→P2 (A1)→P1 (A1)→P0 (A4)→P_E (A4)→P6 (A2).
Wait, that ends at P6, not P0. Let me reconsider. A "full loop" should return to the start. If I start at P6 and go clockwise, after 8 moves I'm back at P6. But the "start" of the level was P0. So maybe I should go to P0 first, then do the clockwise loop.
Hmm, this is getting complicated. Let me just do a clockwise loop and watch for completion at any point.
Actually, let me reconsider the move budget. The bar is at ~37. A clockwise loop is 8 moves. That's affordable.
But wait, I'm not confident direction is the key. Let me think if there's a cheaper discriminating test.
Alternative: maybe the goal is to be at a specific position AND press a specific action. I've tested ACTION5 at P0, P3, P4, P6 (all no-op). Let me test ACTION5 at P1, P2, P5, P_E. But that's more moves.
Actually, let me reconsider ACTION5. What is ACTION5? It's a no-op everywhere I've tested. Maybe ACTION5 is "rotate" or "interact" and it only works in a specific context (like when the block is adjacent to the center with the right orientation).
Hmm.
Let me take a completely different approach and look at the LEDGER and any game metadata for hints about the goal. Let me also check the `runtime_memory`, `dynamics`, `continuity` objects which might have useful info.
Actually, the prompt says these are available: `runtime_memory`, `memory`, `dynamics`, `continuity`, `hypotheses`. Let me inspect them for goal hints.
Let me do that first before spending more moves.
[ASSISTANT TOOL CALL: python]
id: chatcmpl-tool-af77c73ac54e294e
<tool_call>
<function=python>
<parameter=code>
import json
def show(name, obj, limit=1500):
    try:
        s = obj if isinstance(obj,str) else json.dumps(obj, default=str)
    except Exception as e:
        s = f"<err {e}>"
    print(f"===== {name} ({len(s)} chars) =====")
    print(s[:limit])
    print()
for nm in ['ledger','world_model_ledger','verification_ledger','coverage_ledger','execution_ledger']:
    show(nm, globals().get(nm))
</parameter>
</function>
</tool_call>

[TOOL RESULT: chatcmpl-tool-af77c73ac54e294e]
Traceback (most recent call last):
  File "<python_tool>", line 11, in <module>
NameError: name 'globals' is not defined

[USER]
The code executed 3 actions in the previous sequence.
Executed actions: ACTION4, ACTION1, ACTION5.
You are still on the same level.
Current state: step 41, level 1.
Valid actions right now: ACTION1, ACTION2, ACTION3, ACTION4, ACTION5, ACTION6.
Only tool: `python`. It receives `current_frame`, `previous_frame`, `history`, `transitions`, `last_transition`, `valid_actions`, `last_action_result`, `runtime_memory`, `telemetry`, `ledger`, `ledger_validation`, `execution_ledger`, `world_model_ledger`, `verification_ledger`, `coverage_ledger`, `memory`, `dynamics`, `continuity`, `hypotheses`, `level_transition`, `last_action_in_valid_action`, `record_hypothesis(...)`, and `action(actions)`.
Only letter-coded board views and lightweight metadata are exposed; raw numeric color IDs are not available.
Keep tool output compact: use `current_frame.segmentation` as the primary view, and `current_frame.ascii` only for a small specific region; never print full boards.
For the most recent change, compare `previous_frame` to `current_frame`, or `last_transition.before_frame` to `last_transition.after_frame`; `history[-1].frame` is the current frame, not the previous one.
Use Python to inspect the evidence, refine that world model from the newest history, and search or score candidate actions or short sequences against the current goal as you currently understand it.
Use the structured ledger for authoritative facts and evidence: action meanings are learned per game by default, while availability, target, and preconditions can vary by level or state. Interface hints are priors, not facts.
Treat `last_action_result`, `execution_ledger`, and `runtime_memory.telemetry` as authoritative transition evidence. Distinguish not-advertised, adapter/parameter/engine failure, executed no-observable-change, observable change, task progress, and terminal failure.
Model combinations as causal action sequences, not labels: write target Y, prerequisite state X, action order, expected transition after each step, and evidence. A step can be useful preparation even when it gives no immediate reward. Reuse tested sequences only in matching state context; reject unchanged retries that previously failed.
For each action object, include the immediate test hypothesis and target-object presence claim when known; the target may be possible, unknown, or absent in this level. Keep reusable mechanics in record_hypothesis(...).
Free-text working notes below are optional and non-authoritative; revise them when useful, while recording testable claims and observable predictions in `record_hypothesis(...)`.
You may call `action(actions)` more than once in one Python snippet if your search or control loop needs it, but stop immediately if a result reports `game_over`, `run_complete`, `level_completed`, or `done`.
end of optional working notes. 
Focus on what changed most recently in `history`, update the target environment change if needed, and separate gameplay-object changes from HUD-only changes.
When ready, call `action(actions)` from inside the `python` tool with the best valid action or ordered batch selected by your code. If your code has found a reliable short sequence, prefer batching it in one call.
You may call `action(actions)` more than once in one Python snippet if your search or control loop needs it.
If you include assistant text before a tool call, keep it short and use it to update the world model. Helpful optional prefixes are `World model:`, `Goal model:`, `Action model:`, `Recent findings:`, `Open questions:`, `Plan:`, and `Cross-level notes:`.
When calling `python`, emit exactly the tool-call format shown elsewhere in this prompt for this model. Use only that format; do not add markdown fences, prose wrappers, or alternate tool-call syntax. Do not quote or place tool-call markup inside explanatory text; when you decide to call the tool, emit the tool call itself.
If you use ACTION6, include integer row and col arguments.
Structured continuity recall (fact/evidence IDs only; inspect the Ledger for details):
{"active_belief_ids":["H31","H32","H33","H34","H35","H36","H37","H38","H39","H40","H41","H42"],"contested_belief_ids":[],"current_plan":{},"level":1,"mechanic_ids":[],"memory":"ledger-backed","objective":"complete_level","recent_evidence_ids":["T33","T34","T35","T36","T37","T38","T39","T40"],"unknown_ids":[]}
{"active_belief_ids":["H31","H32","H33","H34","H35","H36","H37","H38","H39","H40","H41","H42"],"avoid_sequence_ids":["S32","S33","S34","S35","S36","S37","S4","S5","S6","S7","S8","S9"],"boundary":"context_rollover","contested_belief_ids":[],"current_state_ref":"T40","game_id":"cd82-fb555c5d","level":1,"objective":"complete_game","plan":{},"recent_evidence_ids":["T29","T30","T31","T32","T33","T34","T35","T36","T37","T38","T39","T40"],"scene_graph_ref":null,"unknown_ids":[]}
End structured continuity recall.
Current grid image:

[ASSISTANT]
`globals` isn't available in this sandbox. Let me reference the ledger variables directly.
[REASONING]
`globals` isn't available. Let me directly reference the variables by name.
[ASSISTANT TOOL CALL: python]
id: chatcmpl-tool-88286578b74b7f40
<tool_call>
<function=python>
<parameter=code>
import json
def show(name, obj, limit=1200):
    try:
        s = obj if isinstance(obj,str) else json.dumps(obj, default=str)
    except Exception as e:
        s = f"<err {e}>"
    print(f"===== {name} ({len(s)} chars) =====")
    print(s[:limit]); print()
show('ledger', ledger)
show('world_model_ledger', world_model_ledger)
show('verification_ledger', verification_ledger)
show('coverage_ledger', coverage_ledger)
</parameter>
</function>
</tool_call>

[TOOL RESULT: chatcmpl-tool-88286578b74b7f40]
===== ledger (37906 chars) =====
{"schema_version": 1, "objective": {"type": "complete_game", "success_signal": {"field": "engine_state", "equals": "WIN"}, "local_completion_condition": {"status": "undefined", "candidates": []}}, "scope": {"game_id": "cd82-fb555c5d", "learned_action_semantics_default": "game", "level_semantics_policy": "inherit_game_unless_contradicted", "cross_game_transfer": "prior_only"}, "current_level": 1, "interface": [{"action_id": "RESET", "advertised_now": false, "parameter_schema": {"type": "object", "required": [], "properties": {}}, "interface_prior": {"hint": "reset", "status": "interface_contract"}, "semantic_status": "interface_contract", "semantic_candidates": []}, {"action_id": "ACTION1", "advertised_now": true, "parameter_schema": {"type": "object", "required": [], "properties": {}}, "interface_prior": {"hint": "up_like", "status": "prior_not_fact"}, "semantic_status": "undefined", "semantic_candidates": [{"hypothesis_id": "H28", "claim": "north from below-square node onto square = goal", "scope": {"type": "level", "level": 1}, "status": "inconclusive", "belief_status": "candidate", "confidence": 0.5}, {"hypothesis_id": "H30", "claim": "north to P6 (39,41) then west onto square =

===== world_model_ledger (177787 chars) =====
{"hypotheses": [{"id": "H1", "kind": "action_function", "raw_kind": "action_effect_prediction", "claim": "selects white color in palette; underline moves to white swatch", "action_id": null, "action_sequence": [], "scope": {"type": "level", "level": 1}, "origin": {"step": 0, "level": 1}, "target_binding": {"description": "white palette swatch", "presence": "confirmed", "status": "candidate"}, "preconditions": [], "predictions": [], "confidence_before": 0.5, "confidence_after": 0.5, "confidence": 0.5, "status": "open", "belief_status": "candidate", "verification_status": "inconclusive", "verification_reason": "The claim has no fully evaluable observable prediction.", "test_progress": [], "test_observations": [], "test_sequence_id": null, "revision": 40, "revision_history": [{"revision": 1, "previous_belief_status": "candidate", "belief_status": "candidate", "verification_status": "inconclusive", "confidence_before": 0.5, "confidence_after": 0.5, "evidence_id": "V1", "reason": "The claim has no fully evaluable observable prediction.", "step": 1}, {"revision": 2, "previous_belief_status": "candidate", "belief_status": "candidate", "verification_status": "inconclusive", "confidence_bef

===== verification_ledger (834268 chars) =====
{"records": [{"id": "V1", "hypothesis_id": "H1", "status": "inconclusive", "reason": "The claim has no fully evaluable observable prediction.", "evaluations": [], "actual": {"action_id": "ACTION6", "outcome": "executed_observable_change", "state_changed": true, "gameplay_changed": true, "hud_changed": false, "progress_changed": false, "reward_delta": 0.0, "object_changes": {"added": [{"observation_object_id": "W:deef32c2ff22ea83:0", "color": "W", "hash": "deef32c2ff22ea83", "pixels": 84, "bbox": [25, 26, 31, 37], "centroid": [28.0, 31.5], "is_background_candidate": false}], "removed": [{"observation_object_id": "p:5dbfb2b675b46a8f:0", "color": "p", "hash": "5dbfb2b675b46a8f", "pixels": 84, "bbox": [25, 26, 31, 37], "centroid": [28.0, 31.5], "is_background_candidate": false}], "moved": [{"before": {"observation_object_id": "W:998a15476ce67cc5:0", "color": "W", "hash": "998a15476ce67cc5", "pixels": 5, "bbox": [7, 41, 7, 45], "centroid": [7.0, 43.0], "is_background_candidate": false}, "after": {"observation_object_id": "W:998a15476ce67cc5:0", "color": "W", "hash": "998a15476ce67cc5", "pixels": 5, "bbox": [7, 35, 7, 39], "centroid": [7.0, 37.0], "is_background_candidate": false}, "iden

===== coverage_ledger (942 chars) =====
{"unknowns": [{"key": "local_completion_condition", "scope": "game", "status": "unmeasured"}, {"key": "action_function:ACTION1", "scope": "game", "status": "still_unknown", "evidence_id": "H41"}, {"key": "action_function:ACTION2", "scope": "game", "status": "still_unknown", "evidence_id": "H36"}, {"key": "action_function:ACTION3", "scope": "game", "status": "still_unknown", "evidence_id": "H34"}, {"key": "action_function:ACTION4", "scope": "game", "status": "still_unknown", "evidence_id": "H40"}, {"key": "action_function:ACTION5", "scope": "game", "status": "still_unknown", "evidence_id": "H42"}, {"key": "action_function:ACTION6", "scope": "game", "status": "unmeasured"}, {"key": "action_function:ACTION7", "scope": "game", "status": "unmeasured"}, {"key": "target_binding:H6", "scope": "game", "status": "unmeasured", "evidence_id": "H6"}, {"key": "target_binding:H7", "scope": "game", "status": "unmeasured", "evidence_id": "H7"}]}

[ASSISTANT]
**Major discovery from verification_ledger V1:** At step 0→1, the first ACTION6 click *removed a PURPLE 84px object at P0* and *added a WHITE 84px object at P0*, while the underline moved from the purple swatch (c41-45) to the white swatch (c35-39). So **the block started PURPLE and the top-center palette sets the block's color** — the block was purple, I selected white, it turned white. This color mechanic was the missing piece.
Let me confirm by clicking the purple swatch and watching the block's color change.
[REASONING]
The ledger doesn't have a clear goal. The `local_completion_condition` is "undefined" with no candidates. So I need to figure out the goal myself.
Let me look at the world_model_ledger hypotheses more carefully, especially the ones about the goal. Let me search for hypotheses mentioning "goal", "complete", "square", "center".
Actually, the verification_ledger V1 is very interesting! Let me read it:
- V1: ACTION6 (click) at the white palette swatch. Outcome: executed_observable_change, state_changed, gameplay_changed. 
- object_changes: 
  - added: W (white) 84px at bbox [25,26,31,37] centroid (28,31.5) — this is the BLOCK appearing at P0!
  - removed: p (purple) 84px at bbox [25,26,31,37] centroid (28,31.5) — a PURPLE object at P0 was removed!
  - moved: W 5px (the underline) from c41-45 to c35-39.
Wait, this is HUGE. At step 0→1 (the first ACTION6 click on the white swatch), a PURPLE object (84px) at P0 (28,31.5) was REMOVED and a WHITE object (84px) at P0 was ADDED. 
So initially, the block at P0 was PURPLE, and clicking the white swatch changed it to WHITE!
Wait, that means the block's COLOR is controlled by the palette! The block started as purple, and I clicked white to make it white.
So the game IS about color! The block can be recolored using the palette (top-center: white and purple swatches).
Let me reconsider. The block started PURPLE. I clicked white (ACTION6 at the white swatch), and the block became WHITE. 
So the palette changes the block's color. Now, what's the goal? Maybe the goal is to make the block a specific color AND position it somewhere?
Wait, but the block is now white and I've been moving it around. Let me reconsider the goal.
Actually, let me reconsider. The center square is WHITE (10x10). The block is now WHITE. Initially the block was PURPLE.
Hmm, what if the goal is to make the block the SAME color as the center square (white) and then... reach it? But the block can't reach the center.
OR: what if the goal is to make the block PURPLE (matching the purple in the HUD)? The top-left HUD shows white-on-purple. Maybe the "goal" is to have a purple block?
Wait, let me reconsider the top-left HUD. It shows a white square (r3-7) on a purple square (r8-12). This might be showing: "the block (currently white) needs to be on a purple background" or "target: purple".
Actually, let me reconsider. Let me re-examine the very first frame (step 0) to see the block's initial color and the HUD state.
From V1: at step 0, the block at P0 was PURPLE (84px). After clicking white swatch (step 1), it became WHITE.
So the initial state: block is PURPLE at P0.
Now, the top-left HUD: white square on purple square. Maybe this shows "block color = white (top), and it's sitting on purple (bottom)"? No...
Let me reconsider. Actually, maybe the top-left is a "legend" or "goal preview": it shows a white square and a purple square, indicating the two colors involved.
Let me focus on the KEY insight: the block's color is changeable via the palette. This is a major mechanic I'd been missing (I thought the block was always white).
Now, what's the goal? Let me think:
- The center square is white.
- The block can be white or purple.
- Maybe the goal is to make the block purple and bring it to a specific position? Or make it match something?
Actually, wait. Let me reconsider the top-center palette. It has a white swatch (selected, underlined) and a purple swatch. When I clicked white, the block became white. If I click purple, the block should become purple.
So the palette sets the block's color. The underline indicates the currently selected color.
Now, the goal. Let me think about what makes sense:
- Maybe the goal is to make the block a specific color AND position it at a specific loop position.
- Or maybe the goal is to "paint" the center square (make it purple)?
Hmm, let me reconsider. Actually, maybe the mechanic is different. Maybe clicking a palette swatch doesn't change the block's color, but rather the block "picks up" the color, and then when the block moves over a position, it "paints" that position.
Wait, from V1, the block at P0 changed from purple to white when I clicked white. So the block's color changed. Let me verify this by checking: is the block currently white? Yes (node 12, W, 84px). And I clicked white at step 1. So the block is white because I selected white.
Let me test: click the purple swatch and see if the block becomes purple. That would confirm the palette controls the block's color.
But first, let me reconsider the goal. Let me look at the top-left HUD again. White square (top) on purple square (bottom). 
New hypothesis: The top-left shows the "goal configuration": a white square that should be on top of / adjacent to a purple square. Or it's showing "you need to create a white square on a purple background".
Alternatively, the top-left is a "score" or "progress" indicator.
Let me take a different approach. Let me look at the initial frame (step 0) in detail and the current frame, and think about what the "solved" state would look like.
Actually, the most productive thing: let me test the palette. Click the purple swatch (top-center, r4 c43) and see if the block turns purple. This confirms the color mechanic. Then I can think about the goal.
Wait, I "already tried" clicking purple (4,43) earlier and it was a no-op. But that was AFTER the block was already white. Let me re-examine — maybe it did change but I didn't notice, or maybe the block needs to be at a specific position.
Hmm, actually, let me reconsider. When I clicked white at step 0→1, the block changed purple→white. But that was the FIRST action. Maybe the palette only works once, or maybe it works whenever.
Let me just test it now: click purple swatch, check if block becomes purple.
Actually, wait. Let me reconsider the whole game with the color mechanic in mind.
New world model:
- The block is a colored square (initially purple, now white) that moves around an 8-position loop.
- The palette (top-center) sets the block's color (white or purple).
- The center square is a static white square.
- The top-left HUD shows... something.
- The goal is unknown, but involves color.
Hypothesis for goal: Maybe the goal is to make the block PURPLE (its original color) and return it to P0 (start)? Or to make the block match the center square's color (white) — which it already is?
Actually, here's a cleaner hypothesis: The center square is WHITE. The block needs to be made to MATCH the center square (white) and then... no, it can't reach it.
Let me reconsider. What if the goal is to make the CENTER SQUARE change color? Like, the block "carries" a color and when it's at a specific position, it transfers the color to the center square?
Or: what if the block needs to be PURPLE, and when it's purple and at a specific position, the level completes?
I'm speculating too much. Let me gather data:
1. Confirm the palette changes the block's color (click purple, check).
2. Look at the top-left HUD meaning.
Let me do step 1 now. Click the purple swatch at (4, 43).
Wait, but I need to be careful. Let me first check the exact coordinates of the purple swatch. From the current frame: node 7 (p, 9px, r3-5 c42-44). So the purple swatch is at r3-5 c42-44, center (4, 43). Let me click (4, 43).
Actually, let me reconsider whether clicking the swatch is the right action. The palette swatches are small (9px). ACTION6 with row/col should click them. Let me click (4, 43) and observe.
Let me also reconsider: maybe the goal involves the top-LEFT HUD (white on purple). Let me look at that region's exact pixels. Node 5 (W, 50px, r3-7 c3-12) and node 9 (p, 50px, r8-12 c3-12). So the top-left is a 10x10 region: top 5 rows white, bottom 5 rows purple. This is a static HUD element (a "color preview" showing white over purple).
Hmm, what if the top-left is showing the "target": the block should be white (top) and purple (bottom)? That doesn't make sense for a single block.
OR: what if the top-left is a "before/after" preview: "before: purple, after: white" (i.e., the goal is to change purple to white)? The block started purple and I changed it to white. Maybe that WAS the goal, but the level didn't complete...
Wait, actually, maybe the level DID register progress but I need to do more. Let me check the reward/progress in the ledger.
Actually, let me just take action. Let me:
1. Click the purple swatch (4,43) to test if the block turns purple.
2. Observe the result.
This is a clean discriminating test for the color mechanic. Let me do it.
Actually, let me reconsider the coordinates. Let me re-verify the purple swatch location and the white swatch location from the current frame, and also check what happened at step 0→1 (the first click) to understand the exact click target.
From V1: the first ACTION6 click moved the underline from c41-45 to c35-39. So the underline moved from the purple swatch (c41-45) to the white swatch (c35-39). Wait, that means BEFORE the click, the underline was on the PURPLE swatch (c41-45), and AFTER, it's on the WHITE swatch (c35-39). And the block changed purple→white.
Wait, that's confusing. Let me re-read V1:
- moved: W 5px (underline) from bbox [7,41,7,45] to [7,35,7,39]. So the underline moved from c41-45 (purple swatch area) to c35-39 (white swatch area).
- So BEFORE: underline on purple (c41-45). AFTER: underline on white (c35-39).
- And the block changed purple→white.
So initially, the PURPLE swatch was selected (underline on it), and the block was purple. I clicked the WHITE swatch, the underline moved to white, and the block became white.
This confirms: the selected swatch determines the block's color. Initially purple was selected (block purple). I selected white (block white).
So to make the block purple, I click the purple swatch (c41-45, i.e., (4,43)).
Now, the goal. The block is currently white. The center square is white. Hmm.
Let me reconsider the top-left HUD: white (top) on purple (bottom). Maybe this is showing "the goal is to have the block be... " no.
OK let me just think about this more simply. This is likely a simple puzzle. The block moves around a loop and can be recolored. The most likely goals:
A. Make the block a specific color (purple or white) and be at a specific position.
B. The center square needs to be recolored (but it's static).
C. Complete the loop with a specific color.
Given the top-left shows white-over-purple, and the palette has white and purple, I suspect the goal involves both colors somehow.
Let me reconsider: maybe the goal is to make the block PURPLE (the "special" color) and then complete the loop, or reach a specific position while purple.
Actually, you know what, let me reconsider the possibility that I need to make the block purple and bring it to P0 (the start position), "completing" the task of returning the purple block home.
Alternatively — and this is a strong hypothesis — maybe the center square is the "goal" and it needs to be PURPLE. The block "carries" the selected color. When the block is at a position adjacent to the center (P0, P4, P6, P2) AND is purple, maybe it "paints" the center purple. But the center is white now.
Hmm, but the center is static (10x10 white). Let me check if the center ever changed color. From my earlier tracking, the center (node 13, W, 100px) has been white throughout. So the center hasn't changed.
Let me just test the color mechanic and observe. I'll click the purple swatch and see what happens to the block. This is the cleanest next step.
Let me also prepare to check: does clicking purple change the block to purple? And does it change the top-left HUD?
Let me execute: ACTION6 at (4, 43).
Actually, wait. Let me reconsider the risk. If I click purple and the block becomes purple, that's fine — I can click white again to revert. So it's a safe test.
Let me do it.
[ASSISTANT TOOL CALL: python]
id: chatcmpl-tool-9fca73628e3adb9c
<tool_call>
<function=python>
<parameter=code>
# Confirm palette->block color mechanic. Purple swatch center ~ (4,43).
def blockinfo(f):
    for n in f.segmentation['nodes']:
        if n['pixels'] in (84,85) and n['color'] in ('W','p','P'):
            r0=min(p[0] for p in n['boundary']); r1=max(p[0] for p in n['boundary'])
            c0=min(p[1] for p in n['boundary']); c1=max(p[1] for p in n['boundary'])
            return n['color'],n['pixels'],(r0+r1)//2,(c0+c1)//2
    return None
print("before:", blockinfo(current_frame))
res = action([{'action':'ACTION6','row':4,'col':43}])
print("result keys:", list(res.keys()) if isinstance(res,dict) else res)
print("after:", blockinfo(current_frame))
print("board_changed:", last_action_result.get('board_changed'), "progress:", last_action_result.get('progress_changed'), "level_completed:", last_action_result.get('level_completed'))
</parameter>
</function>
</tool_call>

[TOOL RESULT: chatcmpl-tool-9fca73628e3adb9c]
before: ('W', 84, 38, 42)
result keys: ['executed', 'observed', 'outcome', 'action_num', 'level', 'score', 'reward', 'state', 'valid_actions', 'board_changed', 'no_progress_streak', 'repeated_action_streak', 'same_state_seen_before', 'done', 'level_completed', 'game_over', 'run_complete', 'action_display', 'action_data', 'attempt_id', 'information_gain', 'sequence_id', 'action_type', 'action_type_valid', 'gameplay_changed', 'hud_changed', 'progress_changed', 'state_changed', 'task_no_progress_streak', 'observable_no_change_streak', 'changed_cell_count', 'object_changes', 'observation_hash_before', 'observation_hash_after', 'executed_actions', 'transition_results', 'attempt_ids', 'requested_actions', 'run_elapsed_seconds', 'time_remaining_seconds']
after: ('p', 84, 38, 42)
board_changed: True progress: False level_completed: False

[USER]
The code executed 1 action in the previous sequence.
Executed actions: ACTION6(row=4, col=43).
You are still on the same level.
Current state: step 42, level 1.
Valid actions right now: ACTION1, ACTION2, ACTION3, ACTION4, ACTION5, ACTION6.
Only tool: `python`. It receives `current_frame`, `previous_frame`, `history`, `transitions`, `last_transition`, `valid_actions`, `last_action_result`, `runtime_memory`, `telemetry`, `ledger`, `ledger_validation`, `execution_ledger`, `world_model_ledger`, `verification_ledger`, `coverage_ledger`, `memory`, `dynamics`, `continuity`, `hypotheses`, `level_transition`, `last_action_in_valid_action`, `record_hypothesis(...)`, and `action(actions)`.
Only letter-coded board views and lightweight metadata are exposed; raw numeric color IDs are not available.
Keep tool output compact: use `current_frame.segmentation` as the primary view, and `current_frame.ascii` only for a small specific region; never print full boards.
For the most recent change, compare `previous_frame` to `current_frame`, or `last_transition.before_frame` to `last_transition.after_frame`; `history[-1].frame` is the current frame, not the previous one.
Use Python to inspect the evidence, refine that world model from the newest history, and search or score candidate actions or short sequences against the current goal as you currently understand it.
Use the structured ledger for authoritative facts and evidence: action meanings are learned per game by default, while availability, target, and preconditions can vary by level or state. Interface hints are priors, not facts.
Treat `last_action_result`, `execution_ledger`, and `runtime_memory.telemetry` as authoritative transition evidence. Distinguish not-advertised, adapter/parameter/engine failure, executed no-observable-change, observable change, task progress, and terminal failure.
Model combinations as causal action sequences, not labels: write target Y, prerequisite state X, action order, expected transition after each step, and evidence. A step can be useful preparation even when it gives no immediate reward. Reuse tested sequences only in matching state context; reject unchanged retries that previously failed.
For each action object, include the immediate test hypothesis and target-object presence claim when known; the target may be possible, unknown, or absent in this level. Keep reusable mechanics in record_hypothesis(...).
Free-text working notes below are optional and non-authoritative; revise them when useful, while recording testable claims and observable predictions in `record_hypothesis(...)`.
You may call `action(actions)` more than once in one Python snippet if your search or control loop needs it, but stop immediately if a result reports `game_over`, `run_complete`, `level_completed`, or `done`.
end of optional working notes. 
Focus on what changed most recently in `history`, update the target environment change if needed, and separate gameplay-object changes from HUD-only changes.
When ready, call `action(actions)` from inside the `python` tool with the best valid action or ordered batch selected by your code. If your code has found a reliable short sequence, prefer batching it in one call.
You may call `action(actions)` more than once in one Python snippet if your search or control loop needs it.
If you include assistant text before a tool call, keep it short and use it to update the world model. Helpful optional prefixes are `World model:`, `Goal model:`, `Action model:`, `Recent findings:`, `Open questions:`, `Plan:`, and `Cross-level notes:`.
When calling `python`, emit exactly the tool-call format shown elsewhere in this prompt for this model. Use only that format; do not add markdown fences, prose wrappers, or alternate tool-call syntax. Do not quote or place tool-call markup inside explanatory text; when you decide to call the tool, emit the tool call itself.
If you use ACTION6, include integer row and col arguments.
Structured continuity recall (fact/evidence IDs only; inspect the Ledger for details):
{"active_belief_ids":["H32","H33","H34","H35","H36","H37","H38","H39","H40","H41","H42","H43"],"contested_belief_ids":[],"current_plan":{},"level":1,"mechanic_ids":[],"memory":"ledger-backed","objective":"complete_level","recent_evidence_ids":["T34","T35","T36","T37","T38","T39","T40","T41"],"unknown_ids":[]}
{"active_belief_ids":["H31","H32","H33","H34","H35","H36","H37","H38","H39","H40","H41","H42"],"avoid_sequence_ids":["S32","S33","S34","S35","S36","S37","S4","S5","S6","S7","S8","S9"],"boundary":"context_rollover","contested_belief_ids":[],"current_state_ref":"T40","game_id":"cd82-fb555c5d","level":1,"objective":"complete_game","plan":{},"recent_evidence_ids":["T29","T30","T31","T32","T33","T34","T35","T36","T37","T38","T39","T40"],"scene_graph_ref":null,"unknown_ids":[]}
End structured continuity recall.
Current grid image:

[ASSISTANT]
**Confirmed:** clicking the purple swatch turned the block from white to **purple** (`p`, 84px). So the top-center palette sets the block's color (white/purple), and the block started purple. The center square is a static white 10×10 square.
New goal hypothesis: the center square is the target and needs to be recolored (to purple) via the block. Let me test whether the purple block at P6 (adjacent to center) + ACTION5 changes the center's color.
[REASONING]
Confirmed! The block is now PURPLE ('p', 84px) at (38,42). Clicking the purple swatch changed the block from white to purple. The palette controls the block's color.
Now I understand the core mechanic:
- The block moves around an 8-position loop.
- The palette (top-center) sets the block's color (white or purple).
- The center square is a static white square.
- The top-left HUD shows white-over-purple.
Now, what's the goal? Let me think about this with the color mechanic.
The center square is WHITE. The block can be white or purple.
Hypothesis: The goal is to make the CENTER SQUARE change color (to purple), by having the block (carrying purple) interact with it. But the block can't reach the center.
OR: The goal is to make the block match a specific color and position.
Let me reconsider the top-left HUD: white (top 5 rows) over purple (bottom 5 rows). This is a 10x10 region. Maybe it's showing the "goal state" of the center square? Like, the center square should become half-white-half-purple? No, that's weird.
Actually, wait. Let me reconsider. The top-left HUD (white over purple) — maybe this is a "legend" showing the two available colors, or it's a "progress" indicator.
Let me think about the game differently. This looks like it could be a "paint the target" game. The center square is the target. The block is a "paint brush" carrying a color. But the block can't reach the center...
Unless — the block doesn't need to physically reach the center. Maybe when the block is at a specific loop position AND a specific color, it "projects" the color onto the center square.
Let me test this. Currently the block is PURPLE at P6 (38,42). P6 is adjacent to the center (right side). Let me see if the center square changes when the purple block is at P6.
Actually, the center is still white (I can see it in the image). So being purple at P6 didn't change the center.
Hmm. Let me reconsider.
Wait, maybe I need to PRESS an action (like ACTION5) while at the adjacent position to "apply" the color. Let me test: at P6 with purple block, press ACTION5.
Actually, I tested ACTION5 at P6 before (when white) and it was a no-op. Let me test it now with purple.
Alternatively, maybe the goal is simpler: make the block a specific color and return it to the start (P0).
Let me reconsider the top-left HUD once more. White over purple. What if this represents the block's "home" appearance, and the goal is to have the block be... no.
Let me take yet another step back. Let me look at the INITIAL state (step 0) completely:
- Block: PURPLE at P0 (28,31).
- Center: WHITE square.
- Top-left HUD: white over purple.
- Top-center palette: purple selected (underline on purple), white available.
- Bar: full.
So initially, the block is purple and the purple swatch is selected. The center is white.
Now, what's the "solved" state? 
Idea: The goal is to make the center square PURPLE (matching the block's initial color). To do this, the block (purple) needs to "transfer" its color to the center. The transfer might happen when the block is at an adjacent position and I press a specific action, OR when the block "enters" the center.
But the block can't enter the center. So the transfer must be via an action at an adjacent position.
Let me test: with the purple block at P6 (adjacent to center), press ACTION5 (or another action) and see if the center turns purple.
Actually, I realize I should systematically test what ACTION5 does at each adjacent position with the purple block. But that's many moves.
Let me reconsider. Maybe the goal is NOT about the center square at all. Maybe the center square is just a decoration (a "hole" in the middle of the loop).
Let me reconsider the top-left HUD. White over purple. What if this is showing the SCORE or the number of "correct" color placements?
Alternatively, what if the game is: the block needs to visit each of the 8 positions while being a specific color, and the top-left shows progress?
I'm going in circles. Let me gather more data efficiently.
Key question: What does the center square do? Is it a target?
Let me test: move the purple block to P0 (adjacent to center, top), and press ACTION5. See if center changes.
Actually, let me reconsider the ACTION5 tests I've done. I tested ACTION5 at P0, P3, P4, P6 (all with white block, all no-op). Now the block is purple. Let me test ACTION5 at P6 (purple) — if the center changes, then the color matters.
Let me do that. Press ACTION5 now (block is purple at P6).
Wait, actually, let me reconsider whether ACTION5 is even the "apply" action. Let me think about what ACTION5 could be. It's a no-op in most contexts. Maybe it's "rotate" or "toggle" or "confirm".
Let me just test ACTION5 at P6 with the purple block and observe the center.
Actually, let me be more systematic and efficient. Let me test ALL the "non-movement" actions (ACTION5, and maybe ACTION6 clicks on the center) at the current position (P6, purple block) to see if any changes the center square.
But ACTION6 on the center — the center is at (38,31). Let me not click the center (might not be clickable).
Let me test ACTION5 at P6 (purple). One action.
Hmm, but I've already tested ACTION5 at P6 (white) = no-op. Testing it at P6 (purple) is a clean A/B test for whether color matters for ACTION5's effect.
Let me do it.
Actually, let me reconsider the entire goal hypothesis space and pick the most likely one to test:
1. Center square needs to be recolored (to purple) via block interaction.
2. Block needs to be a specific color at a specific position.
3. Block needs to complete the loop in a specific color.
4. The top-left HUD is the key (progress indicator).
Let me test hypothesis 1 first, since it's the most "puzzle-like" and involves the center square (the most prominent static object).
Test: purple block at P6, press ACTION5, check if center turns purple.
Let me execute.
Actually, wait. Let me reconsider. The center square is 10x10 white. The block is 7x12 or 12x7 (84px). They're different sizes. If the goal were to "fill" the center with the block's color, the sizes don't match. So maybe the goal is to make the center square CHANGE COLOR (all of it, to purple).
Let me test ACTION5 at P6 (purple block).
Let me also record the color mechanic in the ledger.
Let me execute the test.
[ASSISTANT TOOL CALL: python]
id: chatcmpl-tool-b4dd29f4557196ba
<tool_call>
<function=python>
<parameter=code>
record_hypothesis({'kind':'action_function','claim':'ACTION6 on top-center swatch sets the moving block color: white swatch(4,37)->white block, purple swatch(4,43)->purple block','action_id':'ACTION6','confidence':0.9,'scope':{'type':'level','level':1}})
record_hypothesis({'kind':'object_role','claim':'center 10x10 white square at (38,31) is static target; block cannot enter it','confidence':0.7,'scope':{'type':'level','level':1}})
def centerinfo(f):
    for n in f.segmentation['nodes']:
        if n['pixels']==100 and n['color']=='W':
            return n['color'],n['pixels']
    return None
def blockinfo(f):
    for n in f.segmentation['nodes']:
        if n['pixels'] in (84,85):
            return n['color'],n['pixels']
    return None
print("center before:", centerinfo(current_frame), "block before:", blockinfo(current_frame))
res = action([{'action':'ACTION5'}])
print("center after:", centerinfo(current_frame), "block after:", blockinfo(current_frame))
print("board_changed:", last_action_result.get('board_changed'), "progress:", last_action_result.get('progress_changed'), "level_completed:", last_action_result.get('level_completed'))
</parameter>
</function>
</tool_call>

[TOOL RESULT: chatcmpl-tool-b4dd29f4557196ba]
center before: ('W', 100) block before: ('p', 84)
center after: None block after: ('p', 84)
board_changed: True progress: False level_completed: False

[USER]
The code executed 1 action in the previous sequence.
Executed actions: ACTION5.
You are still on the same level.
Current state: step 43, level 1.
Valid actions right now: ACTION1, ACTION2, ACTION3, ACTION4, ACTION5, ACTION6.
Only tool: `python`. It receives `current_frame`, `previous_frame`, `history`, `transitions`, `last_transition`, `valid_actions`, `last_action_result`, `runtime_memory`, `telemetry`, `ledger`, `ledger_validation`, `execution_ledger`, `world_model_ledger`, `verification_ledger`, `coverage_ledger`, `memory`, `dynamics`, `continuity`, `hypotheses`, `level_transition`, `last_action_in_valid_action`, `record_hypothesis(...)`, and `action(actions)`.
Only letter-coded board views and lightweight metadata are exposed; raw numeric color IDs are not available.
Keep tool output compact: use `current_frame.segmentation` as the primary view, and `current_frame.ascii` only for a small specific region; never print full boards.
For the most recent change, compare `previous_frame` to `current_frame`, or `last_transition.before_frame` to `last_transition.after_frame`; `history[-1].frame` is the current frame, not the previous one.
Use Python to inspect the evidence, refine that world model from the newest history, and search or score candidate actions or short sequences against the current goal as you currently understand it.
Use the structured ledger for authoritative facts and evidence: action meanings are learned per game by default, while availability, target, and preconditions can vary by level or state. Interface hints are priors, not facts.
Treat `last_action_result`, `execution_ledger`, and `runtime_memory.telemetry` as authoritative transition evidence. Distinguish not-advertised, adapter/parameter/engine failure, executed no-observable-change, observable change, task progress, and terminal failure.
Model combinations as causal action sequences, not labels: write target Y, prerequisite state X, action order, expected transition after each step, and evidence. A step can be useful preparation even when it gives no immediate reward. Reuse tested sequences only in matching state context; reject unchanged retries that previously failed.
For each action object, include the immediate test hypothesis and target-object presence claim when known; the target may be possible, unknown, or absent in this level. Keep reusable mechanics in record_hypothesis(...).
Free-text working notes below are optional and non-authoritative; revise them when useful, while recording testable claims and observable predictions in `record_hypothesis(...)`.
You may call `action(actions)` more than once in one Python snippet if your search or control loop needs it, but stop immediately if a result reports `game_over`, `run_complete`, `level_completed`, or `done`.
end of optional working notes. 
Focus on what changed most recently in `history`, update the target environment change if needed, and separate gameplay-object changes from HUD-only changes.
When ready, call `action(actions)` from inside the `python` tool with the best valid action or ordered batch selected by your code. If your code has found a reliable short sequence, prefer batching it in one call.
You may call `action(actions)` more than once in one Python snippet if your search or control loop needs it.
If you include assistant text before a tool call, keep it short and use it to update the world model. Helpful optional prefixes are `World model:`, `Goal model:`, `Action model:`, `Recent findings:`, `Open questions:`, `Plan:`, and `Cross-level notes:`.
When calling `python`, emit exactly the tool-call format shown elsewhere in this prompt for this model. Use only that format; do not add markdown fences, prose wrappers, or alternate tool-call syntax. Do not quote or place tool-call markup inside explanatory text; when you decide to call the tool, emit the tool call itself.
If you use ACTION6, include integer row and col arguments.
Structured continuity recall (fact/evidence IDs only; inspect the Ledger for details):
{"active_belief_ids":["H33","H34","H35","H36","H37","H38","H39","H40","H41","H42","H43","H46"],"contested_belief_ids":[],"current_plan":{},"level":1,"mechanic_ids":[],"memory":"ledger-backed","objective":"complete_level","recent_evidence_ids":["T35","T36","T37","T38","T39","T40","T41","T42"],"unknown_ids":[]}
{"active_belief_ids":["H32","H33","H34","H35","H36","H37","H38","H39","H40","H41","H42","H43"],"avoid_sequence_ids":["S33","S34","S35","S36","S37","S38","S4","S5","S6","S7","S8","S9"],"boundary":"context_rollover","contested_belief_ids":[],"current_state_ref":"T41","game_id":"cd82-fb555c5d","level":1,"objective":"complete_game","plan":{},"recent_evidence_ids":["T30","T31","T32","T33","T34","T35","T36","T37","T38","T39","T40","T41"],"scene_graph_ref":null,"unknown_ids":[]}
End structured continuity recall.
Current grid image:

[TURN TRANSCRIPT SO FAR]
--- analysis_step=25 | action=43 | 22:15:34 | tool-agent ---
[SYSTEM PROMPT]
You are a coding agent solving a grid-based puzzle game.

Game overview:
- You are solving a multi-level grid puzzle game. 
- You are called repeatedly over the course of a run. Treat each turn as one observe-plan-act cycle: re-understand the current state from the newest frame, update your working world model in Python, choose the next best action or short sequence against the goal as currently understood, execute it, and expect to re-evaluate on the next turn from the updated state.
- Your job is to solve the entire game by clearing every level, not just the current screen.
- An action's learned meaning normally persists across levels of the same game. Availability, target, and preconditions may still vary by level; create a level-specific semantic override only after contradictory evidence.
- Across different games, learned action meanings reset to hypotheses; only the standardized interface contract transfers.
- Optimize for as few in-game actions as possible while still being reliable.
- In this environment, boards are presented as 64 x 64 color grids rendered with ARC color symbols.
- Color legend: W=white, w=light gray, g=gray, G=dark gray, c=charcoal, B=black, M=magenta, P=pink, R=red, b=blue, S=sky blue, Y=yellow, O=orange, r=dark red, N=light green, p=purple.


Runtime variables inside every `python` tool call:
- `current_frame` is a lightweight frame view for the latest environment state.
- `current_frame` exposes only `.ascii`, `.step`, `.level`, `.shape`, and `.segmentation`.
- `current_frame.ascii` is a single newline-delimited string containing the latest board rendered with the letter-coded ARC color symbols.
- `current_frame.segmentation` parses the board into objects. It returns `{'nodes': [...], 'adjacency_list': [...]}`.
- Each node in `segmentation['nodes']` is one 4-connected same-color object with: `id` (index, ordered top-most-left-most), `color` (ARC color character), `hash` (a signature of the object's color and shape that ignores its position -- equal hashes mean the same object regardless of where it is, so use it to track an object across frames or to spot multiple identical objects in one frame), `pixels` (cell count), `boundary` (clockwise outer-perimeter corner points as `[row, col]`), and `children` (ids of objects fully enclosed by this one).
- `segmentation['adjacency_list']` is a list of `[i, j]` node-id pairs whose objects share an edge.
- `current_frame.step` is the current environment step count.
- `current_frame.level` is the current level number.
- `current_frame.shape` is a `(rows, cols)` tuple.
- The raw numeric grid is intentionally not exposed. Use `current_frame.segmentation` as your primary view of the board -- objects, colors, shapes, containment, adjacency, and cross-frame object hashes. Use `current_frame.ascii` only to read a small, specific region; do not scan the whole board with it.
- `history` is a chronological list of action/frame snapshots.
- `history` is a Python list of objects, not a dict.
- Each history entry exposes only `.action` and `.frame`; entries are not subscriptable like `entry['action']`.
- Each `history[i].frame` is the frame after `history[i].action`; each frame exposes only `.ascii`, `.step`, `.level`, `.shape`, and `.segmentation`.
- Important history semantics: when `history` is non-empty, `history[-1].frame` is the same latest/post-action board as `current_frame`. It is not the previous board. To inspect the state before the latest action, use `previous_frame` or `history[-2].frame` when available.
- `previous_frame` is the frame before the most recent real environment action, or `None` if no previous frame is available.
- `last_action` is the most recent real environment action name/display, or `None` before any real action.
- `last_action_frame` is the post-action frame for `last_action`; it matches `current_frame` after a real action.
- `transitions` is a chronological list of actual action transitions, excluding the initial seeded frame. Each transition exposes `.action`, `.before_frame`, `.after_frame`, `.frame` (alias of `.after_frame`), and `.result`.
- `last_transition` is `transitions[-1]` or `None`. Its `.result` mirrors `last_action_result`; older transitions may have an empty `.result`. For before/after diffs, compare `last_transition.before_frame` to `last_transition.after_frame`; do not compare `current_frame` to `history[-1].frame`.
- `last_action_result` is the persisted result dict from the most recent `action(...)` call. It remains available across later Python inspection calls that do not call `action(...)`, and is `{}` before any action result exists. Read transition metadata from fields/keys such as `last_action_result['board_changed']`, `last_action_result['done']`, `last_action_result['level_completed']`, `last_action_result['game_over']`, `last_action_result['run_complete']`, `last_action_result['reward']`, and `last_action_result['valid_actions']`.
- `last_action_in_valid_action` reports whether the most recent action was legal under the valid-action list before it ran.
- `telemetry` contains recent observation hashes, task/observable progress streaks, HUD/gameplay change classification, and changed-cell samples. An observation hash is not proof of complete latent-state identity.
- `telemetry['task_no_progress_streak']` counts actions without engine task progress; `observable_no_change_streak` counts unchanged observations; `repeated_action_streak` counts identical displayed actions.
- `level_transition` contains the last two frames and last five actions around the most recent level transition when one occurred.
- `ledger` is the compact authoritative Inform view. `execution_ledger`, `world_model_ledger`, `verification_ledger`, and `coverage_ledger` expose its structured components; free prose is non-authoritative.
- `ledger_validation` reports semantic-schema invariant failures without silently coercing or deleting evidence.
- `hypotheses` contains structured candidates and predictions. Facts are separate from hypotheses, and unexecuted requests are never no-op evidence.
- Record reusable claims with `record_hypothesis({...})` (alias `record_expectation`). Use a kind from `object_role`, `action_function`, `affordance`, `precondition`, or `completion_condition`; aliases are normalized but these canonical kinds produce the clearest world model.
- Observable prediction fields include `state_changed`, `gameplay_changed`, `hud_changed`, `progress_changed`, `level_completed`, `run_complete`, and `object_changes.moved|added|removed|resized`. Unknown fields remain explicitly non-evaluable instead of becoming evidence.
- Prefer an action object carrying its immediate hypothesis and possibly absent target, for example `{'action':'ACTION3','hypothesis':{'claim':'moves the bound object left','expected_gameplay_change':True,'confidence':0.4},'target_object':{'description':'candidate token','presence':'possible'}}`. Legacy strings remain accepted and receive only an implicit low-confidence intent.
- A descriptive effect without an observable predicate is preserved but verifies as inconclusive, not supported or refuted.
- `valid_actions` is the current list of advertised canonical action IDs. Not advertised, rejected, unexecuted, and executed-with-no-observable-change are distinct outcomes.
- Call `action(actions)` to execute one or more real environment actions from Python.
- Pass `action(actions)` a list like `['ACTION3']` or `[{'action': 'ACTION6', 'row': 4, 'col': 7}]`.
- One action usually returns one frame, but a single action can result in a short multi-frame animation.
- After `action(actions)` returns, `current_frame`, `previous_frame`, `history`, `transitions`, `valid_actions`, and `last_action_result` are refreshed.


Multimodal context:
- User turns include an attached image of the current ARC grid.
- The image and `current_frame.ascii` are two representations of the same current frame.
- You can use images and other tools to understand the game state and guide your strategy, each may be useful depending on the current uncertainty.


Visual-game guidance:
- Treat each board as a scene with objects, blockers, targets, adjacency, containment, motion, and symmetry.
- Game entities are usually be rendered as connected multi-tile shapes such as 2×2, 2×3, 3×3, or longer patterned structures. Sometime they might also be 1x1 tokens.- Some games are logic or layout puzzles with no explicit player avatar or controllable sprite on the board. Do not assume a player exists; the relevant state may be an object, region, cursor, selector, or whole-board configuration.
- Background colors are often white or gray/black-ish large regions, but not always. Verify background hypotheses by area, stability, and object boundaries rather than assuming them.
- In many games, a long horizontal or vertical line near an edge is a timer or remaining-steps bar. It often shrinks or changes each step. If you identify such a bar, do not get distracted by it or treat it as core gameplay state unless there is concrete evidence that it interacts with the puzzle mechanics.
A common failure mode is to mistake a segmented edge bar for clickable puzzle pieces. If a repeated strip of small blocks sits flush against the top, bottom, left, or right border and actions only change that strip while the interior board stays the same, classify it as HUD/timer state, not as an object to click through segment by segment. DON'T DO THIS!
- Use coordinates only to target actions or describe local evidence. Do not frame the objective as reaching a specific absolute row or column.
- Re-ground on the newest frame after any score increase or abrupt scene change; the returned board may already be the next level.
- `WIN` means the whole game is solved. Mid-run level completion is more likely to appear as a score increase while play continues.
- Strategies may transfer loosely across levels, but layouts and mechanics can change. Re-check the new board before repeating a plan.
- `ACTION1`...`ACTION7` are canonical engine IDs, not semantic facts. Direction/interaction labels are interface priors only.
- For coordinate action `ACTION6`, pass `row` and `col` integer arguments. `row` is vertical position, `col` is horizontal position.


Python tool guidance:
- Use `current_frame.segmentation` as your primary view of the board -- objects, colors, containment, adjacency, and cross-frame object hashes.
- Use `current_frame.ascii` only to read a small, specific region of the board when `segmentation` is not enough; never use it to scan or summarize the whole board.
- Every `python` tool call starts fresh. Re-import modules or re-define any custom utility logic you need.
- The only importable standard-library modules are: bisect, collections, copy, fractions, functools, heapq, itertools, json, math, operator, random, re, statistics, string.
- The only tool is `python`; call it with one ephemeral `code` string.
- Always inspect `current_frame`, `history`, and `valid_actions` from Python instead of reasoning from the raw board by eye.
- For the most recent change, compare `previous_frame` to `current_frame`, or `last_transition.before_frame` to `last_transition.after_frame`. `history[-1].frame` is the current frame, so comparing it to `current_frame` only compares the board to itself.
- Maintain candidate object roles, per-game action functions, object-action affordances, preconditions, completion-condition hypotheses, and explicit unknown coverage. The only fixed objective is to complete the whole game (`WIN`).
- IMPORTANT: Especially when the game is about making an agent navigate to a target, it is usually safer to write an explicit search algorithm such as BFS. More generally, when the objective is understood but the best action order is unclear, pathfinding, flood fill, BFS, DFS, beam search, shortest-path search, limited action-sequence search, or custom heuristics are all valid.
- Optimize for the shortest reliable sequence that advances the current goal as described by your world model. If confidence is low, program a discriminating probe and revise the world model from the result.
- Once the important state variables and action effects are sufficiently understood, stop probing and search in the inferred state space.
- Inspect current and history frames from Python instead of describing frames freehand.
- Never print or echo full board frames. Return only compact derived summaries such as object lists, diffs, coordinates, counts, or tiny local crops.
- Keep tool-output context size minimal and decision-oriented so you can quickly compare before/after state. It's fine to write a lot of python code, just make the output short and interpretable
- A strong default loop is: summarize the board, infer the desired environment change, write a small scorer or search over candidate sequences, execute the best probe or plan with `action(...)`, then inspect again until you understand exactly what changed.
- For object tracking, match objects by color, overlap, bounding box proximity, area change, and edge contact rather than by exact coordinates alone. Treat identity as confidence-bearing inference, not fact.
- Movement vectors use screen coordinates (`delta_row`, `delta_col`). Do not call coherent multi-object motion camera movement until repeated evidence distinguishes it from reset, board rotation, or a group mechanic.
- For frame diffs, summarize changed cells, color transitions, appearing/disappearing components, movement candidates, and small local row slices around the changed region.
- After every action, verify whether gameplay objects changed or whether only a timer, progress bar, or remaining-step bar moved. Do not treat HUD-only changes as evidence that the move worked.
- Streaks are evidence, not automatic stop rules. Repeating one action is allowed when the world model predicts a useful intermediate state or required displacement.
- Learn action patterns, not isolated moves: record short tested sequences such as `X -> U` and their precondition, observed effect, cost, and outcome. Do not call a sequence a combination until each step's effect and ordering are supported by transitions.
- Treat plans as causal prerequisites: define target outcome `Y`, identify prerequisite state `X`, test `X`, then test `Y`; preserve ordering when `Y` fails without `X` and succeeds after `X`. A repeated or zero-progress prefix may still be necessary preparation.
- When a tested pattern does not improve the goal, mark that pattern/state-context as weak or rejected and avoid retrying the same pattern unchanged. Retry only with changed state, changed parameters, or a new causal hypothesis.
- Use `print(...)` for compact summaries, or assign a final compact object to `result`.
- Call `action(...)` inside Python rather than returning action text in the chat.
- `action(...)` accepts an ordered list of one or more actions. Once your code has selected a reliable sequence, it is often useful to batch it.
- You can also call `action(...)` multiple times in one Python snippet, including inside loops. Each call updates the preloaded variables before execution continues.
- If an action result reports `game_over`, `run_complete`, `level_completed`, or `done`, stop acting immediately and re-ground on the next turn.


Tool session rules:
- You have exactly one tool: `python`.
- When calling `python`, emit exactly the tool-call format shown elsewhere in this prompt for this model. Use only that format; do not add markdown fences, prose wrappers, or alternate tool-call syntax. Do not quote or place tool-call markup inside explanatory text; when you decide to call the tool, emit the tool call itself.
- The `python` tool code is not saved between calls, so rewrite any custom utility logic you still need.
- You can call the `python` tool as many times as you want per step. Investigate until your code has a clear probe or plan.
- Do not ration tool calls when the state is unclear. Spend extra tool calls to confirm what changed between frames and whether the last action affected gameplay state or only HUD elements such as countdown bars.
- After `action(...)` returns, the structured runtime state is refreshed before the next Python statement and before the next tool call. Inspection-only Python calls do not clear `last_action_result`.
- Each `python` tool call has a hard time limit of 30 seconds.
- Tool responses are capped to about 2048 tokens. If a response is cut off, the tool result will tell you that.
- Keep code snippets short and purpose-built rather than dumping large frameworks into one call.

[USER PROMPT]
The code executed 1 action in the previous sequence.
Executed actions: ACTION5.
You are still on the same level.
Current state: step 43, level 1.
Valid actions right now: ACTION1, ACTION2, ACTION3, ACTION4, ACTION5, ACTION6.
Only tool: `python`. It receives `current_frame`, `previous_frame`, `history`, `transitions`, `last_transition`, `valid_actions`, `last_action_result`, `runtime_memory`, `telemetry`, `ledger`, `ledger_validation`, `execution_ledger`, `world_model_ledger`, `verification_ledger`, `coverage_ledger`, `memory`, `dynamics`, `continuity`, `hypotheses`, `level_transition`, `last_action_in_valid_action`, `record_hypothesis(...)`, and `action(actions)`.
Only letter-coded board views and lightweight metadata are exposed; raw numeric color IDs are not available.
Keep tool output compact: use `current_frame.segmentation` as the primary view, and `current_frame.ascii` only for a small specific region; never print full boards.
For the most recent change, compare `previous_frame` to `current_frame`, or `last_transition.before_frame` to `last_transition.after_frame`; `history[-1].frame` is the current frame, not the previous one.
Use Python to inspect the evidence, refine that world model from the newest history, and search or score candidate actions or short sequences against the current goal as you currently understand it.
Use the structured ledger for authoritative facts and evidence: action meanings are learned per game by default, while availability, target, and preconditions can vary by level or state. Interface hints are priors, not facts.
Treat `last_action_result`, `execution_ledger`, and `runtime_memory.telemetry` as authoritative transition evidence. Distinguish not-advertised, adapter/parameter/engine failure, executed no-observable-change, observable change, task progress, and terminal failure.
Model combinations as causal action sequences, not labels: write target Y, prerequisite state X, action order, expected transition after each step, and evidence. A step can be useful preparation even when it gives no immediate reward. Reuse tested sequences only in matching state context; reject unchanged retries that previously failed.
For each action object, include the immediate test hypothesis and target-object presence claim when known; the target may be possible, unknown, or absent in this level. Keep reusable mechanics in record_hypothesis(...).
Free-text working notes below are optional and non-authoritative; revise them when useful, while recording testable claims and observable predictions in `record_hypothesis(...)`.
You may call `action(actions)` more than once in one Python snippet if your search or control loop needs it, but stop immediately if a result reports `game_over`, `run_complete`, `level_completed`, or `done`.
end of optional working notes. 
Focus on what changed most recently in `history`, update the target environment change if needed, and separate gameplay-object changes from HUD-only changes.
When ready, call `action(actions)` from inside the `python` tool with the best valid action or ordered batch selected by your code. If your code has found a reliable short sequence, prefer batching it in one call.
You may call `action(actions)` more than once in one Python snippet if your search or control loop needs it.
If you include assistant text before a tool call, keep it short and use it to update the world model. Helpful optional prefixes are `World model:`, `Goal model:`, `Action model:`, `Recent findings:`, `Open questions:`, `Plan:`, and `Cross-level notes:`.
When calling `python`, emit exactly the tool-call format shown elsewhere in this prompt for this model. Use only that format; do not add markdown fences, prose wrappers, or alternate tool-call syntax. Do not quote or place tool-call markup inside explanatory text; when you decide to call the tool, emit the tool call itself.
If you use ACTION6, include integer row and col arguments.
Structured continuity recall (fact/evidence IDs only; inspect the Ledger for details):
{"active_belief_ids":["H33","H34","H35","H36","H37","H38","H39","H40","H41","H42","H43","H46"],"contested_belief_ids":[],"current_plan":{},"level":1,"mechanic_ids":[],"memory":"ledger-backed","objective":"complete_level","recent_evidence_ids":["T35","T36","T37","T38","T39","T40","T41","T42"],"unknown_ids":[]}
{"active_belief_ids":["H32","H33","H34","H35","H36","H37","H38","H39","H40","H41","H42","H43"],"avoid_sequence_ids":["S33","S34","S35","S36","S37","S38","S4","S5","S6","S7","S8","S9"],"boundary":"context_rollover","contested_belief_ids":[],"current_state_ref":"T41","game_id":"cd82-fb555c5d","level":1,"objective":"complete_game","plan":{},"recent_evidence_ids":["T30","T31","T32","T33","T34","T35","T36","T37","T38","T39","T40","T41"],"scene_graph_ref":null,"unknown_ids":[]}
End structured continuity recall.

[ANALYZER STATUS]
request_error: HTTPConnectionPool(host='127.0.0.1', port=1234): Read timed out. (read timeout=56.59362553000028)
